0,1
dataset/waves/prwq2n.wav,place red with q two now
dataset/waves/sban2n.wav,set blue at n two now
dataset/waves/bgit6p.wav,bin green in t six please
dataset/waves/bwwn8p.wav,bin white with n eight please
dataset/waves/lgil7a.wav,lay green in l seven again
dataset/waves/lbbq9s.wav,lay blue by q nine soon
dataset/waves/bgaa6n.wav,bin green at a six now
dataset/waves/lrbe8p.wav,lay red by e eight please
dataset/waves/pbwc9s.wav,place blue with c nine soon
dataset/waves/srbu9a.wav,set red by u nine again
dataset/waves/pgwy8n.wav,place green with y eight now
dataset/waves/bris4p.wav,bin red in s four please
dataset/waves/lriq6n.wav,lay red in q six now
dataset/waves/bwba5s.wav,bin white by a five soon
dataset/waves/bgwb4n.wav,bin green with b four now
dataset/waves/srau4p.wav,set red at u four please
dataset/waves/sran9s.wav,set red at n nine soon
dataset/waves/sgwd1s.wav,set green with d one soon
dataset/waves/lrbl2p.wav,lay red by l two please
dataset/waves/pwaq3a.wav,place white at q three again
dataset/waves/srah5s.wav,set red at h five soon
dataset/waves/lwar9a.wav,lay white at r nine again
dataset/waves/brwg6n.wav,bin red with g six now
dataset/waves/sbba9s.wav,set blue by a nine soon
dataset/waves/lrar2p.wav,lay red at r two please
dataset/waves/bras9a.wav,bin red at s nine again
dataset/waves/swbp1a.wav,set white by p one again
dataset/waves/bbwm6p.wav,bin blue with m six please
dataset/waves/swbpzp.wav,set white by p zero please
dataset/waves/bgwi1a.wav,bin green with i one again
dataset/waves/praj2p.wav,place red at j two please
dataset/waves/sgwd3a.wav,set green with d three again
dataset/waves/swwv6n.wav,set white with v six now
dataset/waves/bgat8n.wav,bin green at t eight now
dataset/waves/sgwj5s.wav,set green with j five soon
dataset/waves/pwwk5s.wav,place white with k five soon
dataset/waves/bram4p.wav,bin red at m four please
dataset/waves/bwbn3s.wav,bin white by n three soon
dataset/waves/bbal9a.wav,bin blue at l nine again
dataset/waves/bbil3s.wav,bin blue in l three soon
dataset/waves/lgif3a.wav,lay green in f three again
dataset/waves/pgbk7s.wav,place green by k seven soon
dataset/waves/pbaczn.wav,place blue at c zero now
dataset/waves/sbwo3a.wav,set blue with o three again
dataset/waves/lbij7s.wav,lay blue in j seven soon
dataset/waves/swbo9s.wav,set white by o nine soon
dataset/waves/sgwq1a.wav,set green with q one again
dataset/waves/srbu6n.wav,set red by u six now
dataset/waves/lgwg4p.wav,lay green with g four please
dataset/waves/priv4n.wav,place red in v four now
dataset/waves/lgbm2n.wav,lay green by m two now
dataset/waves/lwwf8p.wav,lay white with f eight please
dataset/waves/sria7s.wav,set red in a seven soon
dataset/waves/bgah2p.wav,bin green at h two please
dataset/waves/swao6p.wav,set white at o six please
dataset/waves/bgig6n.wav,bin green in g six now
dataset/waves/swao7a.wav,set white at o seven again
dataset/waves/swab8p.wav,set white at b eight please
dataset/waves/lbax9s.wav,lay blue at x nine soon
dataset/waves/bbal7s.wav,bin blue at l seven soon
dataset/waves/sbbh3s.wav,set blue by h three soon
dataset/waves/pgiq4p.wav,place green in q four please
dataset/waves/bwwa8n.wav,bin white with a eight now
dataset/waves/lrik3s.wav,lay red in k three soon
dataset/waves/pric4p.wav,place red in c four please
dataset/waves/lrwl4n.wav,lay red with l four now
dataset/waves/swwc6p.wav,set white with c six please
dataset/waves/lwal2n.wav,lay white at l two now
dataset/waves/lrwszp.wav,lay red with s zero please
dataset/waves/pwid1a.wav,place white in d one again
dataset/waves/bril8n.wav,bin red in l eight now
dataset/waves/srwv1s.wav,set red with v one soon
dataset/waves/lwbz5s.wav,lay white sp by z five soon
dataset/waves/prav9s.wav,place red at v nine soon
dataset/waves/bwbg9s.wav,bin white by g nine soon
dataset/waves/lgas3s.wav,lay green at s three soon
dataset/waves/bwbn4p.wav,bin white sp by n four please
dataset/waves/lrar1s.wav,lay red at r one soon
dataset/waves/brbg2n.wav,bin red sp by g two now
dataset/waves/sgwqzp.wav,set green with q zero please
dataset/waves/lwbs2p.wav,lay white by s two please
dataset/waves/swwp4p.wav,set white with p four please
dataset/waves/sbat6n.wav,set blue at t six now
dataset/waves/pgbe3s.wav,place green by e three soon
dataset/waves/pbiu8n.wav,place blue in u eight now
dataset/waves/prbq1a.wav,place red by q one again
dataset/waves/pbib9a.wav,place blue in b nine again
dataset/waves/bgig7s.wav,bin green in g seven soon
dataset/waves/pbai6p.wav,place sp blue at i six please
dataset/waves/swwp5a.wav,set white with p five again
dataset/waves/priv5s.wav,place red in v five soon
dataset/waves/lrwf3a.wav,lay red with f three again
dataset/waves/lwbz6p.wav,lay white by z six please
dataset/waves/sgic1a.wav,set green in c one again
dataset/waves/sbbh4p.wav,set blue by h four please
dataset/waves/bwig3a.wav,bin white in g three again
dataset/waves/pwad3s.wav,place white at d three soon
dataset/waves/pbbp4p.wav,place blue by p four please
dataset/waves/brbtzn.wav,bin red by t zero now
dataset/waves/prii6n.wav,place red in i six now
dataset/waves/lgwg5a.wav,lay green with g five again
dataset/waves/bbiz3a.wav,bin blue in z three again
dataset/waves/sbaa7a.wav,set blue at a seven again
dataset/waves/bbbmzn.wav,bin blue by m zero now
dataset/waves/lrae5a.wav,lay red at e five again
dataset/waves/pgbr2p.wav,place green by r two please
dataset/waves/pgaq6n.wav,place green at q six now
dataset/waves/pgby4n.wav,place green by y four now
dataset/waves/lriq8p.wav,lay red in q eight please
dataset/waves/lwie4n.wav,lay white sp in e four now
dataset/waves/lwaf1a.wav,lay white at f one again
dataset/waves/pwwe1s.wav,place white with e one soon
dataset/waves/pwic8n.wav,place white in c eight now
dataset/waves/bwbg8n.wav,bin white by g eight now
dataset/waves/prav8n.wav,place red at v eight now
dataset/waves/swwc5s.wav,set white with c five soon
dataset/waves/lgbg1a.wav,lay green by g one again
dataset/waves/bgia3s.wav,bin green in a three soon
dataset/waves/pric2n.wav,place red in c two now
dataset/waves/pwwe3a.wav,place white with e three again
dataset/waves/brbg4p.wav,bin red by g four please
dataset/waves/sgwj4n.wav,set green with j four now
dataset/waves/srwo9a.wav,set red with o nine again
dataset/waves/pgbk9a.wav,place green by k nine again
dataset/waves/lrak8p.wav,lay red at k eight please
dataset/waves/bbwgzn.wav,bin blue with g zero now
dataset/waves/prwq4p.wav,place red with q four please
dataset/waves/sgbp7a.wav,set green by p seven again
dataset/waves/swib2n.wav,set white in b two now
dataset/waves/brwnzn.wav,bin red with n zero now
dataset/waves/pbbp5a.wav,place blue by p five again
dataset/waves/srwi3s.wav,set red with i three soon
dataset/waves/bgwb6p.wav,bin green with b six please
dataset/waves/pwij4p.wav,place white in j four please
dataset/waves/lgiz4p.wav,lay green in z four please
dataset/waves/pbwp9a.wav,place blue with p nine again
dataset/waves/lgas2n.wav,lay green at s two now
dataset/waves/sgac5a.wav,set green at c five again
dataset/waves/lbbk4n.wav,lay blue by k four now
dataset/waves/pbbc5s.wav,place blue by c five soon
dataset/waves/lbby3s.wav,lay blue by y three soon
dataset/waves/swbi7a.wav,set white by i seven again
dataset/waves/lgamzp.wav,lay green at m zero please
dataset/waves/sgapzn.wav,set green at p zero now
dataset/waves/bbir9a.wav,bin blue in r nine again
dataset/waves/pwwr1a.wav,place white with r one again
dataset/waves/lwilzp.wav,lay white in l zero please
dataset/waves/bgbozp.wav,bin green by o zero please
dataset/waves/bbwg3a.wav,bin blue with g three again
dataset/waves/lbaq5s.wav,lay blue sp at q five soon
dataset/waves/sgwj6p.wav,set green with j six please
dataset/waves/bgbbzn.wav,bin green by b zero now
dataset/waves/brbm7s.wav,bin red by m seven soon
dataset/waves/srwi4p.wav,set red with i four please
dataset/waves/pwbk2p.wav,place white by k two please
dataset/waves/srwb8n.wav,set red with b eight now
dataset/waves/pbwx3a.wav,place blue with x three again
dataset/waves/prap4n.wav,place red at p four now
dataset/waves/lwik8n.wav,lay white in k eight now
dataset/waves/lbij8p.wav,lay blue in j eight please
dataset/waves/bbws8n.wav,bin blue with s eight now
dataset/waves/pgwl3a.wav,place green with l three again
dataset/waves/lgam1a.wav,lay green at m one again
dataset/waves/bwis8n.wav,bin white in s eight now
dataset/waves/pbai5s.wav,place blue at i five soon
dataset/waves/sbim8n.wav,set blue in m eight now
dataset/waves/bgwb5s.wav,bin green with b five soon
dataset/waves/pbap1a.wav,place blue at p one again
dataset/waves/lwbz7a.wav,lay white by z seven again
dataset/waves/bwim5s.wav,bin white in m five soon
dataset/waves/sbig6p.wav,set blue in g six please
dataset/waves/sgbp6p.wav,set green by p six please
dataset/waves/lbbe1s.wav,lay blue by e one soon
dataset/waves/bgwu7s.wav,bin green with u seven soon
dataset/waves/pgix8p.wav,place green in x eight please
dataset/waves/prwq3s.wav,place red with q three soon
dataset/waves/pbapzp.wav,place blue at p zero please
dataset/waves/pwwy2n.wav,place white with y two now
dataset/waves/brwg9a.wav,bin red with g nine again
dataset/waves/lwws7a.wav,lay white with s seven again
dataset/waves/brag1a.wav,bin red at g one again
dataset/waves/prwx9a.wav,place red with x nine again
dataset/waves/srab1s.wav,set red at b one soon
dataset/waves/lwbl7s.wav,lay white by l seven soon
dataset/waves/bbil5a.wav,bin blue in l five again
dataset/waves/bbie9s.wav,bin blue in e nine soon
dataset/waves/bwwbzp.wav,bin white with b zero please
dataset/waves/lrae3s.wav,lay red at e three soon
dataset/waves/bbbs6p.wav,bin blue by s six please
dataset/waves/pwax5s.wav,place white at x five soon
dataset/waves/lwwmzn.wav,lay white with m zero now
dataset/waves/prii9a.wav,place red in i nine again
dataset/waves/bgwu8p.wav,bin green with u eight please
dataset/waves/pbbv7s.wav,place blue by v seven soon
dataset/waves/lrwz4p.wav,lay red with z four please
dataset/waves/bgin1s.wav,bin green in n one soon
dataset/waves/swih8p.wav,set white in h eight please
dataset/waves/bwig1s.wav,bin white in g one soon
dataset/waves/swwv8p.wav,set white with v eight please
dataset/waves/sbia3a.wav,set blue in a three again
dataset/waves/sbat9a.wav,set blue at t nine again
dataset/waves/pbwxzn.wav,place sp blue with x zero now
dataset/waves/brwa2n.wav,bin red with a two now
dataset/waves/sbbn6n.wav,set blue by n six now
dataset/waves/bgia2n.wav,bin green in a two now
dataset/waves/lwik9s.wav,lay white in k nine soon
dataset/waves/swiozn.wav,set white in o zero now
dataset/waves/lbwe6p.wav,lay blue sp with e six please
dataset/waves/pgay1s.wav,place green at y one soon
dataset/waves/prwx8p.wav,place red with x eight please
dataset/waves/pwij2n.wav,place white in j two now
dataset/waves/sbat8p.wav,set blue at t eight please
dataset/waves/sgbjzn.wav,set green by j zero now
dataset/waves/lgbm3s.wav,lay green by m three soon
dataset/waves/lbij6n.wav,lay blue in j six now
dataset/waves/bgit7a.wav,bin green in t seven again
dataset/waves/srbh8n.wav,set red by h eight now
dataset/waves/pgwzzp.wav,place green with z zero please
dataset/waves/prbx4p.wav,place red by x four please
dataset/waves/pgid7a.wav,place green in d seven again
dataset/waves/pbac1s.wav,place blue at c one soon
dataset/waves/swwp3s.wav,set white with p three soon
dataset/waves/sraozp.wav,set red at o zero please
dataset/waves/pwby1a.wav,place white by y one again
dataset/waves/lgwg3s.wav,lay green with g three soon
dataset/waves/swio2p.wav,set white in o two please
dataset/waves/bgwo4p.wav,bin green with o four please
dataset/waves/pgay3a.wav,place green at y three again
dataset/waves/pwad2n.wav,place white at d two now
dataset/waves/pbio6p.wav,place blue in o six please
dataset/waves/swih7s.wav,set white in h seven soon
dataset/waves/bgia5a.wav,bin green in a five again
dataset/waves/bwim6p.wav,bin white in m six please
dataset/waves/lrbe6n.wav,lay red by e six now
dataset/waves/pbwj3s.wav,place blue with j three soon
dataset/waves/bbil2n.wav,bin blue in l two now
dataset/waves/swiu6p.wav,set white in u six please
dataset/waves/lrbz1a.wav,lay red by z one again
dataset/waves/prap5s.wav,place red at p five soon
dataset/waves/lriy2p.wav,lay red in y two please
dataset/waves/lgbs9a.wav,lay green by s nine again
dataset/waves/lgwt1s.wav,lay green with t one soon
dataset/waves/lrwz3s.wav,lay red with z three soon
dataset/waves/lwbszn.wav,lay white by s zero now
dataset/waves/pric3s.wav,place red in c three soon
dataset/waves/brif6p.wav,bin red in f six please
dataset/waves/bbwm7a.wav,bin blue with m seven again
dataset/waves/pwwy3s.wav,place white with y three soon
dataset/waves/swih9a.wav,set white in h nine again
dataset/waves/bbas1s.wav,bin blue at s one soon
dataset/waves/swiu5s.wav,set white in u five soon
dataset/waves/pgwz1a.wav,place green with z one again
dataset/waves/sgib8n.wav,set green in b eight now
dataset/waves/pbwp6n.wav,place blue with p six now
dataset/waves/swbv5a.wav,set white by v five again
dataset/waves/sbwozn.wav,set blue with o zero now
dataset/waves/bwag4n.wav,bin white at g four now
dataset/waves/lbwlzp.wav,lay blue with l zero please
dataset/waves/sgac4p.wav,set green at c four sp please
dataset/waves/lrwf2p.wav,lay red with f two please
dataset/waves/sgap3a.wav,set green at p three again
dataset/waves/lwar7s.wav,lay white at r seven soon
dataset/waves/sgbp4n.wav,set green by p four now
dataset/waves/praj1s.wav,place red at j one soon
dataset/waves/bwat2n.wav,bin white at t two now
dataset/waves/pwax6p.wav,place white at x six please
dataset/waves/bbwt1a.wav,bin blue with t one again
dataset/waves/swao5s.wav,set white at o five soon
dataset/waves/sran8n.wav,set red at n eight now
dataset/waves/prwj8n.wav,place red with j eight now
dataset/waves/pgaq7s.wav,place green at q seven soon
dataset/waves/lrie1a.wav,lay red in e one again
dataset/waves/bgan4n.wav,bin green at n four now
dataset/waves/sbag8n.wav,set blue at g eight now
dataset/waves/pwaj9a.wav,place white at j nine again
dataset/waves/lrwf1s.wav,lay red with f one soon
dataset/waves/sbia1s.wav,set blue in a one soon
dataset/waves/bgia4p.wav,bin green in a four please
dataset/waves/srih3a.wav,set red in h three again
dataset/waves/pgwy9s.wav,place green with y nine soon
dataset/waves/bbbs4n.wav,bin blue by s four now
dataset/waves/bgwu6n.wav,bin green with u six now
dataset/waves/lwaz2p.wav,lay white at z two please
dataset/waves/pwbkzn.wav,place white by k zero now
dataset/waves/prwq5a.wav,place red with q five again
dataset/waves/pbbp3s.wav,place blue by p three soon
dataset/waves/lbbrzp.wav,lay blue by r zero please
dataset/waves/bbas2p.wav,bin blue at s two please
dataset/waves/bgbu5a.wav,bin green by u five again
dataset/waves/brif7a.wav,bin red in f seven again
dataset/waves/srau3s.wav,set red at u three soon
dataset/waves/sgbc8p.wav,set green by c eight please
dataset/waves/lbiqzn.wav,lay blue in q zero now
dataset/waves/sbaa5s.wav,set blue at a five soon
dataset/waves/bgwu9a.wav,bin green with u nine again
dataset/waves/bbif1a.wav,bin blue in f one again
dataset/waves/pbwp7s.wav,place blue with p seven soon
dataset/waves/lgwt3a.wav,lay green with t three again
dataset/waves/swib3s.wav,set white in b three soon
dataset/waves/sbba8n.wav,set blue by a eight now
dataset/waves/swavzp.wav,set white at v zero please
dataset/waves/sbaa6p.wav,set blue at a six please
dataset/waves/bbaf4p.wav,bin blue at f four please
dataset/waves/pgwe8p.wav,place green with e eight please
dataset/waves/pgae1a.wav,place green at e one again
dataset/waves/pwbk3a.wav,place white by k three again
dataset/waves/sbaa4n.wav,set blue at a four now
dataset/waves/sbwb4p.wav,set blue with b four please
dataset/waves/bwigzn.wav,bin white in g zero now
dataset/waves/lbwr5a.wav,lay blue with r five again
dataset/waves/bgwo2n.wav,bin green with o two now
dataset/waves/pwad4p.wav,place white at d four please
dataset/waves/srwo8p.wav,set red with o eight please
dataset/waves/lgil4n.wav,lay green in l four now
dataset/waves/pgak3s.wav,place green at k three soon
dataset/waves/lrwl5s.wav,lay red sp with l five soon
dataset/waves/pwix3a.wav,place white in x three again
dataset/waves/swao4n.wav,set white at o four now
dataset/waves/pbav4p.wav,place blue at v four please
dataset/waves/sbbb1a.wav,set blue by b one again
dataset/waves/sbig7a.wav,set blue in g seven again
dataset/waves/bwitzp.wav,bin white in t zero please
dataset/waves/lbwr2n.wav,lay blue with r two now
dataset/waves/pwad5a.wav,place white at d five again
dataset/waves/bgig9a.wav,bin green in g nine again
dataset/waves/bgat9s.wav,bin green at t nine soon
dataset/waves/pgbe2n.wav,place green by e two now
dataset/waves/sriu1a.wav,set red in u one again
dataset/waves/bbaf3s.wav,bin blue at f three soon
dataset/waves/bgbn9s.wav,bin green by n nine soon
dataset/waves/lwie7a.wav,lay white in e seven again
dataset/waves/bginzn.wav,bin green in n zero now
dataset/waves/bwbhzp.wav,bin white by h zero please
dataset/waves/pbwx2p.wav,place blue with x two please
dataset/waves/sgai9a.wav,set green at i nine again
dataset/waves/lwws5s.wav,lay white with s five soon
dataset/waves/pgiq5a.wav,place green in q five again
dataset/waves/lbiq2p.wav,lay blue in q two please
dataset/waves/lwil1a.wav,lay white in l one again
dataset/waves/sgii4p.wav,set green in i four please
dataset/waves/pwixzn.wav,place white in x zero now
dataset/waves/srih2p.wav,set red in h two please
dataset/waves/pbivzp.wav,place blue in v zero please
dataset/waves/lbad7s.wav,lay blue at d seven soon
dataset/waves/srih1s.wav,set red in h one soon
dataset/waves/bgan7a.wav,bin green at n seven again
dataset/waves/pgby7a.wav,place green by y seven again
dataset/waves/prbp8n.wav,place red by p eight now
dataset/waves/pwip7s.wav,place white in p seven soon
dataset/waves/srbo3s.wav,set red by o three soon
dataset/waves/lrik2n.wav,lay red in k two now
dataset/waves/lriq9a.wav,lay red in q nine again
dataset/waves/lbay1a.wav,lay blue at y one again
dataset/waves/prwd6p.wav,place red with d six please
dataset/waves/brbm9a.wav,bin red by m nine again
dataset/waves/sgwx4p.wav,set green with x four please
dataset/waves/sbbn8p.wav,set blue by n eight sp please
dataset/waves/lbbk5s.wav,lay blue by k five soon
dataset/waves/lgiz2n.wav,lay green in z two now
dataset/waves/srwv2p.wav,set red with v two please
dataset/waves/swbv3s.wav,set white by v three soon
dataset/waves/lgif2p.wav,lay green in f two please
dataset/waves/bwim7a.wav,bin white in m seven again
dataset/waves/bbbm3a.wav,bin blue by m three again
dataset/waves/prii7s.wav,place red in i seven soon
dataset/waves/pbbjzp.wav,place blue by j zero please
dataset/waves/sgio7s.wav,set green in o seven soon
dataset/waves/swbczn.wav,set white by c zero now
dataset/waves/sbbh2n.wav,set blue by h two now
dataset/waves/lgaf7a.wav,lay green at f seven again
dataset/waves/pgby6p.wav,place green by y six please
dataset/waves/lbaq7a.wav,lay blue at q seven again
dataset/waves/pbib8p.wav,place blue in b eight please
dataset/waves/bris5a.wav,bin red in s five again
dataset/waves/sbin1a.wav,set blue in n one again
dataset/waves/pwip6n.wav,place white in p six now
dataset/waves/srwi2n.wav,set red with i two now
dataset/waves/pbii1s.wav,place blue in i one soon
dataset/waves/prbd1s.wav,place red by d one soon
dataset/waves/swwi8n.wav,set white with i eight now
dataset/waves/swwp2n.wav,set white with p two now
dataset/waves/swiu7a.wav,set white in u seven again
dataset/waves/bbaz5s.wav,bin blue at z five soon
dataset/waves/pgby5s.wav,place green by y five soon
dataset/waves/pbwj4p.wav,place blue with j four please
dataset/waves/pbib7s.wav,place blue in b seven soon
dataset/waves/bwwu1s.wav,bin white with u one soon
dataset/waves/pwbx8n.wav,place white by x eight now
dataset/waves/sgio8p.wav,set green in o eight please
dataset/waves/sria6n.wav,set red in a six now
dataset/waves/pgwl2p.wav,place green with l two please
dataset/waves/bgbu3s.wav,bin green by u three soon
dataset/waves/lbaq6p.wav,lay blue at q six please
dataset/waves/srit9s.wav,set red in t nine soon
dataset/waves/pgaezp.wav,place green at e zero please
dataset/waves/lbix4n.wav,lay blue in x four now
dataset/waves/pwwe2p.wav,place white with e two please
dataset/waves/pwbq4n.wav,place white by q four now
dataset/waves/bbal8p.wav,bin blue at l eight please
dataset/waves/bwbt8p.wav,bin white by t eight sp please
dataset/waves/pbwx1s.wav,place blue with x one soon
dataset/waves/briz7s.wav,bin red in z seven soon
dataset/waves/lwie5s.wav,lay white in e five soon
dataset/waves/sbwo1s.wav,set blue with o one soon
dataset/waves/lbij9a.wav,lay blue in j nine again
dataset/waves/brbt3a.wav,bin red by t three again
dataset/waves/lgwg2n.wav,lay green with g two now
dataset/waves/sbwb3s.wav,set sp blue with b three soon
dataset/waves/sbig4n.wav,set blue in g four now
dataset/waves/priv6p.wav,place red in v six please
dataset/waves/pwax4n.wav,place white at x four now
dataset/waves/bbaf5a.wav,bin blue at f five again
dataset/waves/srin7a.wav,set red in n seven again
dataset/waves/bbizzn.wav,bin blue in z zero now
dataset/waves/pgix9a.wav,place green in x nine again
dataset/waves/lgis1a.wav,lay green in s one again
dataset/waves/prap7a.wav,place red at sp p seven again
dataset/waves/bwaa1s.wav,bin white at a one soon
dataset/waves/sbbu1s.wav,set blue by u one soon
dataset/waves/sbbn7s.wav,set blue by n seven soon
dataset/waves/lbix6p.wav,lay blue in x six please
dataset/waves/lwbl9a.wav,lay white by l nine again
dataset/waves/swwj1a.wav,set white with j one again
dataset/waves/praj3a.wav,place red at j three again
dataset/waves/sria9a.wav,set red in a nine again
dataset/waves/sbwh6n.wav,set blue with h six now
dataset/waves/bwbn2n.wav,bin white by n two now
dataset/waves/bbaz7a.wav,bin blue at z seven again
dataset/waves/srihzn.wav,set red in h zero now
dataset/waves/bgwo5a.wav,bin green with o five again
dataset/waves/pgad8n.wav,place green at d eight now
dataset/waves/prac8p.wav,place red at c eight please
dataset/waves/sgbx1a.wav,set green by x one again
dataset/waves/bgbb1s.wav,bin green by b one soon
dataset/waves/bbbs7a.wav,bin blue by s seven again
dataset/waves/lrwz5a.wav,lay red sp with z five again
dataset/waves/lwar8p.wav,lay white at r eight please
dataset/waves/lwbf2n.wav,lay white by f two now
dataset/waves/sbbn9a.wav,set blue by n nine again
dataset/waves/bwwh5a.wav,bin white with h five again
dataset/waves/pbiu9s.wav,place blue in u nine soon
dataset/waves/pwbd7s.wav,place white by d seven soon
dataset/waves/pgad9s.wav,place green at d nine soon
dataset/waves/srbb5s.wav,set red by b five soon
dataset/waves/pgbr3a.wav,place green by r three again
dataset/waves/swab9a.wav,set white at b nine again
dataset/waves/swbc1s.wav,set white by c one soon
dataset/waves/bgan5s.wav,bin green at n five soon
dataset/waves/prbj7a.wav,place red by j seven again
dataset/waves/prbx3s.wav,place red by x three soon
dataset/waves/pgak4p.wav,place green at k four please
dataset/waves/lgir9s.wav,lay green in r nine soon
dataset/waves/bwam9s.wav,bin white at m nine soon
dataset/waves/pwaq1s.wav,place white at q one soon
dataset/waves/prip2p.wav,place red in p two please
dataset/waves/lgif1s.wav,lay green in f one soon
dataset/waves/prbqzp.wav,place red by q zero please
dataset/waves/bbws9s.wav,bin blue with s nine soon
dataset/waves/lbbr1a.wav,lay blue by r one again
dataset/waves/lrarzn.wav,lay red at r zero now
dataset/waves/sbbu2p.wav,set blue by u two please
dataset/waves/lwie6p.wav,lay white in e six please
dataset/waves/lwar6n.wav,lay white at r six now
dataset/waves/pgbk8p.wav,place green by k eight please
dataset/waves/sbit2n.wav,set blue in t two now
dataset/waves/lrbe7s.wav,lay red by e seven soon
dataset/waves/lriyzn.wav,lay red in y zero now
dataset/waves/lwbl8p.wav,lay white sp by l eight please
dataset/waves/sbbu3a.wav,set blue by u three again
dataset/waves/sgac2n.wav,set green at c two now
dataset/waves/sbwh9a.wav,set blue with h nine again
dataset/waves/bris2n.wav,bin red in s two now
dataset/waves/sgiv3a.wav,set green in v three again
dataset/waves/prip3a.wav,place red in p three again
dataset/waves/srau5a.wav,set red at u five again
dataset/waves/lgwm6n.wav,lay green with m six now
dataset/waves/srbu8p.wav,set red by u eight please
dataset/waves/prbx2n.wav,place red by x two now
dataset/waves/bbwtzp.wav,bin blue with t zero please
dataset/waves/sgwdzn.wav,set green with d zero now
dataset/waves/swab6n.wav,set white at b six now
dataset/waves/lgal8n.wav,lay green at l eight now
dataset/waves/sgav4n.wav,set green at v four now
dataset/waves/lwae9s.wav,lay white at e nine soon
dataset/waves/sbat7s.wav,set blue at t seven soon
dataset/waves/prwd4n.wav,place red with d four now
dataset/waves/prwx6n.wav,place red with x six now
dataset/waves/lgbs6n.wav,lay green by s six now
dataset/waves/lrbl3a.wav,lay red by l three again
dataset/waves/pbiizn.wav,place blue in i zero now
dataset/waves/brbm8p.wav,bin red by m eight please
dataset/waves/prwkzp.wav,place red with k zero please
dataset/waves/srbo4p.wav,set red by o four please
dataset/waves/pbio4n.wav,place blue in o four now
dataset/waves/pgbr1s.wav,place green by r one soon
dataset/waves/pgwe7s.wav,place green with e seven soon
dataset/waves/sbbuzn.wav,set blue by u zero now
dataset/waves/lray7a.wav,lay red at y seven again
dataset/waves/sban4p.wav,set blue at n four please
dataset/waves/bwwn9a.wav,bin white with n nine again
dataset/waves/srbo2n.wav,set red by o two now
dataset/waves/briz8p.wav,bin red in z eight please
dataset/waves/bgbb3a.wav,bin green by b three again
dataset/waves/pwwq8n.wav,place white with q eight now
dataset/waves/lrbr7a.wav,lay red by r seven again
dataset/waves/bbir8p.wav,bin blue in r eight please
dataset/waves/swbi4n.wav,set white by i four now
dataset/waves/brwn2p.wav,bin red with n two please
dataset/waves/lrak7s.wav,lay red at k seven soon
dataset/waves/pwwezn.wav,place white with e zero now
dataset/waves/pbiv1a.wav,place blue in v one again
dataset/waves/pwaj7s.wav,place white at j seven soon
dataset/waves/bgwizp.wav,bin green with i zero please
dataset/waves/bwwh2n.wav,bin white with h two now
dataset/waves/swih6n.wav,set white in h six now
dataset/waves/bras7s.wav,bin red at s seven soon
dataset/waves/lray6p.wav,lay red at y six please
dataset/waves/lray5s.wav,lay red at y five soon
dataset/waves/bbaszn.wav,bin blue at s zero now
dataset/waves/lgaf6p.wav,lay green at f six please
dataset/waves/sgbv9s.wav,set green by v nine soon
dataset/waves/brwt4n.wav,bin red with t four now
dataset/waves/bbifzp.wav,bin blue in f zero please
dataset/waves/pwwk4n.wav,place white with k four now
dataset/waves/lbwk8n.wav,lay blue with k eight now
dataset/waves/pbwj2n.wav,place blue with j two now
dataset/waves/lgaz8p.wav,lay green at z eight sp please
dataset/waves/swwc7a.wav,set white with c seven again
dataset/waves/lrik5a.wav,lay red in k five again
dataset/waves/sbia2p.wav,set blue in a two please
dataset/waves/lbak1s.wav,lay blue at k one soon
dataset/waves/pbav2n.wav,place blue at v two now
dataset/waves/lriezp.wav,lay red in e zero please
dataset/waves/bwaa2p.wav,bin white at a two please
dataset/waves/bwbh1a.wav,bin white by h one again
dataset/waves/prac7s.wav,place red at c seven soon
dataset/waves/bgwh8n.wav,bin green with h eight now
dataset/waves/sbwu6p.wav,set blue with u six please
dataset/waves/bril9s.wav,bin red in l nine soon
dataset/waves/brba1a.wav,bin red by a one again
dataset/waves/lgil5s.wav,lay green in l five soon
dataset/waves/bwwu2p.wav,bin white with u two please
dataset/waves/sbag9s.wav,set blue at g nine soon
dataset/waves/prwd7a.wav,place red with d seven again
dataset/waves/pwbd9a.wav,place white by d nine again
dataset/waves/swio1s.wav,set white in o one soon
dataset/waves/srin4n.wav,set red in n four now
dataset/waves/lrar3a.wav,lay red at r three again
dataset/waves/bgbu4p.wav,bin green by u four please
dataset/waves/lbwk9s.wav,lay blue with k nine soon
dataset/waves/brbt2p.wav,bin red by t two please
dataset/waves/sgac3s.wav,set green at c three soon
dataset/waves/srbi1a.wav,set red by i one again
dataset/waves/pwbyzp.wav,place white by y zero please
dataset/waves/lwir3s.wav,lay white in r three soon
dataset/waves/pgbrzn.wav,place green by r zero now
dataset/waves/lbbq8n.wav,lay blue by q eight now
dataset/waves/lrik4p.wav,lay red in k four please
dataset/waves/lrbe9a.wav,lay red by e nine again
dataset/waves/lrbr6p.wav,lay red by r six please
dataset/waves/pbav3s.wav,place blue at v three soon
dataset/waves/lwwm2p.wav,lay white with m two please
dataset/waves/lgaz6n.wav,lay green at z six now
dataset/waves/pbwdzp.wav,place blue with d zero please
dataset/waves/pbwc8n.wav,place blue with c eight now
dataset/waves/srwczp.wav,set red with c zero please
dataset/waves/bgwo3s.wav,bin green with o three soon
dataset/waves/lgaz7s.wav,lay green at z seven soon
dataset/waves/brif5s.wav,bin red in f five soon
dataset/waves/bbwg1s.wav,bin blue with g one soon
dataset/waves/lbak3a.wav,lay blue at k three again
dataset/waves/lbwy8p.wav,lay blue with y eight please
dataset/waves/pgwlzn.wav,place green with l zero now
dataset/waves/bbiz1s.wav,bin blue in z one soon
dataset/waves/bwit1a.wav,bin white in t one again
dataset/waves/lbad6n.wav,lay blue at d six now
dataset/waves/lrwr9s.wav,lay red with r nine soon
dataset/waves/pwij5a.wav,place white in j five again
dataset/waves/lrbr5s.wav,lay red by r five soon
dataset/waves/brwt6p.wav,bin red with t six please
dataset/waves/pgiq2n.wav,place green in q two now
dataset/waves/sgii3s.wav,set green in i three soon
dataset/waves/pgwr5s.wav,place green with r five soon
dataset/waves/pgid6p.wav,place green in d six please
dataset/waves/pgwr4n.wav,place green with r four now
dataset/waves/srwc1a.wav,set red with c one again
dataset/waves/lgal9s.wav,lay green at l nine soon
dataset/waves/bwwa9s.wav,bin white with a nine soon
dataset/waves/prii8p.wav,place red in i eight please
dataset/waves/lbid3s.wav,lay blue in d three soon
dataset/waves/brwn3a.wav,bin red with n three again
dataset/waves/lgaf4n.wav,lay green at f four now
dataset/waves/lbbe3a.wav,lay blue by e three again
dataset/waves/lwiy9a.wav,lay white in y nine again
dataset/waves/pwidzp.wav,place white in d zero please
dataset/waves/lrid8n.wav,lay red in d eight now
dataset/waves/swbv4p.wav,set white by v four please
dataset/waves/swiu4n.wav,set white in u four now
dataset/waves/brimzp.wav,bin red in m zero please
dataset/waves/sgwx5a.wav,set green with x five again
dataset/waves/sgbv8n.wav,set green by v eight now
dataset/waves/swib4p.wav,set white in b four please
dataset/waves/pwip9a.wav,place white in p nine again
dataset/waves/sgbc6n.wav,set green by c six now
dataset/waves/srao1a.wav,set red at o one again
dataset/waves/bwba4n.wav,bin white by a four now
dataset/waves/bgig8p.wav,bin green in g eight please
dataset/waves/bwbt7s.wav,bin white by t seven soon
dataset/waves/lbbezn.wav,lay blue by e zero now
dataset/waves/bbbs5s.wav,bin blue by s five soon
dataset/waves/pgayzn.wav,place green at y zero now
dataset/waves/bbbf9a.wav,bin blue by f nine again
dataset/waves/lgiz3s.wav,lay green in z three soon
dataset/waves/pwix2p.wav,place white in x two please
dataset/waves/pbbc4n.wav,place blue by c four now
dataset/waves/pgix7s.wav,place green in x seven soon
dataset/waves/pgak5a.wav,place green at k five again
dataset/waves/swai1s.wav,set white at i one soon
dataset/waves/srwb9s.wav,set red with b nine soon
dataset/waves/sbwb2n.wav,set blue with b two now
dataset/waves/lrbl1s.wav,lay red by l one soon
dataset/waves/prwk1a.wav,place red with k one again
dataset/waves/lgir8n.wav,lay green in r eight now
dataset/waves/srin6p.wav,set red in n six please
dataset/waves/lwwf6n.wav,lay white with f six now
dataset/waves/srah4n.wav,set red at h four now
dataset/waves/bwba7a.wav,bin white by a seven again
dataset/waves/prajzn.wav,place red at j zero now
dataset/waves/swau9s.wav,set white at u nine soon
dataset/waves/srwvzn.wav,set red with v zero now
dataset/waves/lgwazp.wav,lay green with a zero please
dataset/waves/sbwh7s.wav,set blue with h seven soon
dataset/waves/sgiv1s.wav,set green in v one soon
dataset/waves/srah7a.wav,set red at h seven again
dataset/waves/sbwu4n.wav,set blue with u four now
dataset/waves/brbg5a.wav,bin red by g five again
dataset/waves/pripzn.wav,place red in p zero now
dataset/waves/bbwm4n.wav,bin blue with m four now
dataset/waves/bgwh9s.wav,bin green with h nine soon
dataset/waves/lgas4p.wav,lay green at s four please
dataset/waves/pwbd6n.wav,place white by d six now
dataset/waves/pgay2p.wav,place green at y two please
dataset/waves/bgau1a.wav,bin green at u one again
dataset/waves/pbbi8n.wav,place blue by i eight now
dataset/waves/lbbk7a.wav,lay blue by k seven again
dataset/waves/lrak6n.wav,lay red at k six now
dataset/waves/bgah3a.wav,bin green at h three again
dataset/waves/bragzp.wav,bin red at g zero please
dataset/waves/lray4n.wav,lay red at y four now
dataset/waves/srwo7s.wav,set red with o seven soon
dataset/waves/bwag5s.wav,bin white at g five soon
dataset/waves/sgav6p.wav,set green at v six please
dataset/waves/lrak9a.wav,lay red at k nine again
dataset/waves/bbaf2n.wav,bin blue at f two now
dataset/waves/prip1s.wav,place red in p one soon
dataset/waves/lgbs7s.wav,lay green by s seven soon
dataset/waves/brwt7a.wav,bin red with t seven again
dataset/waves/sgai7s.wav,set green at i seven soon
dataset/waves/bwbt9a.wav,bin white by t nine again
dataset/waves/bwba6p.wav,bin white by a six please
dataset/waves/bwat3s.wav,bin white at t three soon
dataset/waves/bwat4p.wav,bin white at t four please
dataset/waves/bbbf6n.wav,bin blue by f six now
dataset/waves/bram5a.wav,bin red at m five again
dataset/waves/swau8n.wav,set white at u eight now
dataset/waves/pbii3a.wav,place blue in i three again
dataset/waves/pbii2p.wav,place blue in i two please
dataset/waves/prbdzn.wav,place red by d zero now
dataset/waves/lwiy6n.wav,lay white in y six now
dataset/waves/bwag7a.wav,bin white at g seven again
dataset/waves/swwc4n.wav,set white with c four now
dataset/waves/bbbf7s.wav,bin blue by f seven soon
dataset/waves/lrby8n.wav,lay red by y eight now
dataset/waves/lbix5s.wav,lay blue in x five soon
dataset/waves/pwaj6n.wav,place white at j six now
dataset/waves/bgaa7s.wav,bin green at a seven soon
dataset/waves/lgiz5a.wav,lay green in z five again
dataset/waves/pwbq6p.wav,place white by q six please
dataset/waves/pgbe5a.wav,place green by e five again
dataset/waves/lbby4p.wav,lay blue by y four please
dataset/waves/bras6n.wav,bin red at s six now
dataset/waves/brbt1s.wav,bin red by t one soon
dataset/waves/brwa4p.wav,bin red with a four please
dataset/waves/srbh9s.wav,set red by h nine soon
dataset/waves/lbwe7a.wav,lay blue with e seven again
dataset/waves/sbahzp.wav,set blue at h zero please
dataset/waves/pgbk6n.wav,place green by k six now
dataset/waves/lbwe4n.wav,lay blue with e four now
dataset/waves/brbg3s.wav,bin red by g three soon
dataset/waves/pwbx9s.wav,place white by x nine soon
dataset/waves/pwbq7a.wav,place white by q seven again
dataset/waves/srwv3a.wav,set red with v three again
dataset/waves/lrid9s.wav,lay red in d nine soon
dataset/waves/pwwy4p.wav,place white with y four please
dataset/waves/swbc3a.wav,set white by c three again
dataset/waves/srbb4n.wav,set red by b four now
dataset/waves/lbak2p.wav,lay blue at k two please
dataset/waves/pgij8n.wav,place green in j eight now
dataset/waves/lbax8n.wav,lay blue at x eight now
dataset/waves/lbid4p.wav,lay blue in d four please
dataset/waves/sbwu7a.wav,set blue with u seven again
dataset/waves/bgbh6p.wav,bin green by h six please
dataset/waves/lbid5a.wav,lay blue in d five again
dataset/waves/brbazp.wav,bin red by a zero please
dataset/waves/pwbq5s.wav,place white by q five soon
dataset/waves/bbbm1s.wav,bin blue by m one soon
dataset/waves/bwag6p.wav,bin white at g six please
dataset/waves/bgbh5s.wav,bin green by h five soon
dataset/waves/bgbu2n.wav,bin green by u two now
dataset/waves/lbwy9a.wav,lay blue with y nine again
dataset/waves/pwij3s.wav,place white in j three soon
dataset/waves/srbizp.wav,set red by i zero please
dataset/waves/bgauzp.wav,bin green at u zero please
dataset/waves/pgwr7a.wav,place green with r seven again
dataset/waves/sbwh8p.wav,set blue with h eight please
dataset/waves/lwiy7s.wav,lay white in y seven soon
dataset/waves/sgwx3s.wav,set green with x three soon
dataset/waves/pbbi9s.wav,place blue by i nine soon
dataset/waves/srwo6n.wav,set red with o six now
dataset/waves/bwim4n.wav,bin white in m four now
dataset/waves/sbiazn.wav,set blue in a zero now
dataset/waves/srbu7s.wav,set red by u seven soon
dataset/waves/lbwy7s.wav,lay blue with y seven soon
dataset/waves/bram3s.wav,bin red at m three soon
dataset/waves/lbby5a.wav,lay blue by y five again
dataset/waves/braf9s.wav,bin red at f nine soon
dataset/waves/sgav5s.wav,set green at v five soon
dataset/waves/priv7a.wav,place red in v seven again
dataset/waves/bgbh4n.wav,bin green by h four now
dataset/waves/lrby9s.wav,lay red by y nine soon
dataset/waves/bbir7s.wav,bin blue in r seven soon
dataset/waves/sgbc7s.wav,set green by c seven soon
dataset/waves/srbb6p.wav,set red by b six please
dataset/waves/brwg8p.wav,bin red with g eight please
dataset/waves/bgit5s.wav,bin green in t five soon
dataset/waves/pwwrzp.wav,place white with r zero please
dataset/waves/lwwm3a.wav,lay white with m three again
dataset/waves/prax1a.wav,place red at x one again
dataset/waves/lwbf5a.wav,lay white by f five again
dataset/waves/brwn1s.wav,bin red with n one soon
dataset/waves/pbbp2n.wav,place blue by p two now
dataset/waves/bbaz4n.wav,bin blue at z four now
dataset/waves/pbwd1a.wav,place blue with d one again
dataset/waves/bras8p.wav,bin red at s eight sp please
dataset/waves/bbbz9s.wav,bin blue by z nine soon
dataset/waves/pbbc6p.wav,place blue by c six please
dataset/waves/pbib6n.wav,place blue in b six now
dataset/waves/pgaq9a.wav,place green at q nine again
dataset/waves/lbwr4p.wav,lay blue with r four please
dataset/waves/lrwl6p.wav,lay red with l six please
dataset/waves/lwaz3a.wav,lay white at z three again
dataset/waves/bwat5a.wav,bin white at t five again
dataset/waves/bgaa9a.wav,bin green at a nine again
dataset/waves/sgav7a.wav,set green at v seven again
dataset/waves/swbi5s.wav,set white by i five soon
dataset/waves/praxzp.wav,place red at x zero please
dataset/waves/bwaazn.wav,bin white at a zero now
dataset/waves/srab3a.wav,set red at b three again
dataset/waves/bbaz6p.wav,bin blue at z six please
dataset/waves/prwj9s.wav,place red with j nine soon
dataset/waves/bwan1a.wav,bin white at n one again
dataset/waves/sria8p.wav,set red in a eight please
dataset/waves/prbj4n.wav,place red by j four now
dataset/waves/pgbe4p.wav,place green by e four please
dataset/waves/lwae8n.wav,lay white at e eight now
dataset/waves/braf8n.wav,bin red at f eight now
dataset/waves/pgid4n.wav,place green in d four now
dataset/waves/pwip8p.wav,place white in p eight please
dataset/waves/lwwf7s.wav,lay white with f seven soon
dataset/waves/sgap2p.wav,set green at p two please
dataset/waves/lwal3s.wav,lay white at l three soon
dataset/waves/prbj6p.wav,place red by j six please
dataset/waves/pwwq9s.wav,place white with q nine soon
dataset/waves/bwaa3a.wav,bin white at a three again
dataset/waves/lriy3a.wav,lay red in y three again
dataset/waves/lgbf8n.wav,lay green by f eight now
dataset/waves/pgikzp.wav,place green in k zero please
dataset/waves/bgah1s.wav,bin green at h one soon
dataset/waves/lgbf9s.wav,lay green by f nine soon
dataset/waves/sriuzp.wav,set red in u zero please
dataset/waves/sgbc9a.wav,set green by c nine again
dataset/waves/bwis9s.wav,bin white in s nine soon
dataset/waves/srau2n.wav,set red at u two now
dataset/waves/pbbv8p.wav,place blue by v eight please
dataset/waves/lgwa1a.wav,lay green with a one again
dataset/waves/brwa5a.wav,bin red with a five again
dataset/waves/lgwm7s.wav,lay green with m seven soon
dataset/waves/lwal4p.wav,lay white at l four please
dataset/waves/sbit4p.wav,set blue in t four please
dataset/waves/prap6p.wav,place red at sp p six please
dataset/waves/pric5a.wav,place red in c five again
dataset/waves/lbbk6p.wav,lay blue by k six please
dataset/waves/sgap1s.wav,set green at p one soon
dataset/waves/pwaqzn.wav,place white at q zero now
dataset/waves/lrbzzp.wav,lay red by z zero please
dataset/waves/bwwh4p.wav,bin white with h four please
dataset/waves/lgwt2p.wav,lay green with t two please
dataset/waves/lwwz9s.wav,lay white with z nine soon
dataset/waves/briz6n.wav,bin red in z six now
dataset/waves/lrae4p.wav,lay red at e four please
dataset/waves/lbad8p.wav,lay blue at d eight please
dataset/waves/lbaq4n.wav,lay blue at q four now
dataset/waves/lbix7a.wav,lay blue in x seven again
dataset/waves/lgas5a.wav,lay green at s five again
dataset/waves/srbo5a.wav,set red by o five again
dataset/waves/pgiq3s.wav,place green in q three soon
dataset/waves/prwd5s.wav,place red with d five soon
dataset/waves/pgix6n.wav,place green in x six now
dataset/waves/swbv2n.wav,set white by v two now
dataset/waves/pwax7a.wav,place white at x seven again
dataset/waves/bbwm5s.wav,bin blue with m five soon
dataset/waves/lgbs8p.wav,lay green by s eight please
dataset/waves/lrwz2n.wav,lay red with z sp two now
dataset/waves/lrws1a.wav,lay red with s one again
dataset/waves/pbai7a.wav,place blue at i seven again
dataset/waves/lwbl6n.wav,lay white by l six now
dataset/waves/brbm6n.wav,bin red by m six now
dataset/waves/lbayzp.wav,lay blue at y zero please
dataset/waves/sbah1a.wav,set blue at h one again
dataset/waves/bram2n.wav,bin red at m two now
dataset/waves/brif4n.wav,bin red in f four now
dataset/waves/bgin3a.wav,bin green in n three again
dataset/waves/bbbz8n.wav,bin blue by z eight now
dataset/waves/lrblzn.wav,lay red by l zero now
dataset/waves/pbio7a.wav,place blue in o seven again
dataset/waves/pgak2n.wav,place green at k two now
dataset/waves/prbx5a.wav,place red by x five again
dataset/waves/lwbs1s.wav,lay white by s one soon
dataset/waves/pgwr6p.wav,place green with r six please
dataset/waves/sgai8p.wav,set green at i eight please
dataset/waves/briz9a.wav,bin red in z nine again
dataset/waves/lgil6p.wav,lay green in l six please
dataset/waves/bbir6n.wav,bin blue in r six now
dataset/waves/pwwk6p.wav,place white with k six please
dataset/waves/sgii5a.wav,set green in i five again
dataset/waves/swwv9a.wav,set white with sp v nine again
dataset/waves/pgaq8p.wav,place green at q eight please
dataset/waves/bwanzp.wav,bin white at n zero please
dataset/waves/bwwuzn.wav,bin white with u zero now
dataset/waves/swwv7s.wav,set white with v seven soon
dataset/waves/brim1a.wav,bin red in m one again
dataset/waves/pbio5s.wav,place blue in o five soon
dataset/waves/sbbh5a.wav,set blue by h five again
dataset/waves/lwbf4p.wav,lay white by f four please
dataset/waves/lwaz1s.wav,lay white at z one soon
dataset/waves/srwi5a.wav,set red with i five again
dataset/waves/lbwy6n.wav,lay blue with y six now
dataset/waves/lbiq3a.wav,lay blue in q three again
dataset/waves/lrwr8n.wav,lay red with r eight now
dataset/waves/brwt5s.wav,bin red with t five soon
dataset/waves/pgik1a.wav,place green in k one again
dataset/waves/pbbj1a.wav,place blue by j one again
dataset/waves/lbiq1s.wav,lay blue in q one soon
dataset/waves/lwal5a.wav,lay white at l five again
dataset/waves/brwg7s.wav,bin red with g seven soon
dataset/waves/srah6p.wav,set red at h six please
dataset/waves/lwbz4n.wav,lay white by z four now
dataset/waves/bgaa8p.wav,bin green at a eight please
dataset/waves/srbb7a.wav,set red by b seven again
dataset/waves/sgwp9s.wav,set green with p nine soon
dataset/waves/prac6n.wav,place red at c six now
dataset/waves/lwwm1s.wav,lay white with m one soon
dataset/waves/swav1a.wav,set white at v one again
dataset/waves/srin5s.wav,set red in n five soon
dataset/waves/pwbk1s.wav,place white by k one soon
dataset/waves/bwam8n.wav,bin white at m eight now
dataset/waves/swwi9s.wav,set white with i nine soon
dataset/waves/bbwg2p.wav,bin blue with g two please
dataset/waves/pwwk7a.wav,place white with k seven again
dataset/waves/sgai6n.wav,set green at i six now
dataset/waves/bbil4p.wav,bin blue in l four please
dataset/waves/sgib9s.wav,set green in b nine soon
dataset/waves/swwjzp.wav,set white with j zero please
dataset/waves/swai2p.wav,set white at i two please
dataset/waves/sgii2n.wav,set green in i two now
dataset/waves/lrwfzn.wav,lay red with f zero now
dataset/waves/lbby2n.wav,lay blue by y two now
dataset/waves/sgio9a.wav,set green in o nine again
dataset/waves/prac9a.wav,place red at c nine again
dataset/waves/pgwe6n.wav,place green with e six now
dataset/waves/prbd3a.wav,place red by d three again
dataset/waves/sgwj7a.wav,set green with j seven again
dataset/waves/bbbf8p.wav,bin blue by f eight please
dataset/waves/lgaz9a.wav,lay green at z nine again
dataset/waves/sbbbzp.wav,set blue by b zero please
dataset/waves/lbwr3s.wav,lay blue with r three soon
dataset/waves/pbwp8p.wav,place blue with p eight please
dataset/waves/lbid2n.wav,lay blue in d two now
dataset/waves/bgan6p.wav,bin green at n six please
dataset/waves/pbai4n.wav,place blue at i four now
dataset/waves/sbwb5a.wav,set blue with b five again
dataset/waves/pbav5a.wav,place blue at v five again
dataset/waves/sgio6n.wav,set green in o six now
dataset/waves/lgbm4p.wav,lay green by m four please
dataset/waves/pwbd8p.wav,place white by d eight please
dataset/waves/prbj5s.wav,place red by j five soon
dataset/waves/bwwb1a.wav,bin white with b one again
dataset/waves/bwwh3s.wav,bin white with h three soon
dataset/waves/lrwl7a.wav,lay red with l seven again
dataset/waves/lgbgzp.wav,lay green by g zero please
